congress,chamber,icpsr,state_icpsr,district_code,state_abbrev,party_code,occupancy,last_means,bioname,bioguide_id,born,died,nominate_dim1,nominate_dim2,nominate_log_likelihood,nominate_geo_mean_probability,nominate_number_of_votes,nominate_number_of_errors,conditional,nokken_poole_dim1,nokken_poole_dim2
119,House,20301,41,3,AL,200,,,"ROGERS, Mike Dennis",R000575,1958,,0.379,0.377,-0.32543,0.99805,167,0,,0.373,0.53
119,House,21102,41,7,AL,100,,,"SEWELL, Terri",S001185,1965,,-0.4,0.392,-14.90603,0.91461,167,8,,-0.306,0.236
119,House,21500,41,6,AL,200,,,"PALMER, Gary James",P000609,1954,,0.675,0.108,-9.89435,0.94346,170,7,,0.524,-0.21
119,House,22140,41,1,AL,200,,,"MOORE, Barry",M001212,1966,,0.645,-0.249,-11.23229,0.9338,164,5,,0.71,-0.256
119,House,22366,41,5,AL,200,,,"STRONG, Dale",S001220,1970,,0.615,0.359,-2.83929,0.98344,170,0,,0.373,0.531
119,House,22515,41,2,AL,100,,,"FIGURES, Shomari",F000481,1985,,-0.369,0.498,-10.59367,0.93853,167,3,,-0.369,0.498
119,House,29701,41,4,AL,200,,,"ADERHOLT, Robert",A000055,1965,,0.405,0.468,-0.30982,0.99815,167,0,,0.376,0.531
119,House,22503,81,1,AK,200,,,"BEGICH, Nicholas J., III",B001323,1977,,0.612,-0.032,-9.88114,0.94353,170,5,,0.613,-0.038
119,House,21995,93,0,AS,200,,,"RADEWAGEN, Aumua Amata Coleman",R000600,1947,,0.325,0.186,,,,,,,
119,House,20305,61,7,AZ,100,,,"GRIJALVA, Raúl M.",G000551,1948,,-0.598,-0.264,-0.0,1.0,1,0,,-0.895,0.129
119,House,21103,61,9,AZ,200,,,"GOSAR, Paul",G000565,1958,,0.703,-0.517,-13.01608,0.92325,163,6,,0.74,-0.529
119,House,21105,61,1,AZ,200,,,"SCHWEIKERT, David",S001183,1962,,0.553,-0.218,-11.63453,0.93309,168,7,,0.552,0.144
119,House,21705,61,5,AZ,200,,,"BIGGS, Andrew S.",B001302,1958,,0.818,-0.575,-16.77339,0.90498,168,8,,0.818,-0.575
119,House,21968,61,4,AZ,100,,,"STANTON, Greg",S001211,1970,,-0.276,0.259,-10.35692,0.93807,162,4,,-0.228,0.17
119,House,22309,61,6,AZ,200,,,"CISCOMANI, Juan",C001133,1982,,0.29,0.713,-0.68553,0.9958,163,0,,0.373,0.53
119,House,22311,61,2,AZ,200,,,"CRANE, Eli",C001132,1980,,0.753,-0.658,-13.18174,0.92581,171,7,,0.879,-0.477
119,House,22500,61,3,AZ,100,,,"ANSARI, Yassamin",A000381,1992,,-0.643,0.447,-6.45986,0.96206,167,3,,-0.643,0.447
119,House,22522,61,8,AZ,200,,,"HAMADEH, Abraham J.",H001098,1991,,0.674,-0.084,-20.46395,0.88721,171,10,,0.671,-0.06
119,House,21106,42,1,AR,200,,,"CRAWFORD, Rick",C001087,1966,,0.46,0.31,-0.72616,0.99571,169,0,,0.369,0.531
119,House,21108,42,3,AR,200,,,"WOMACK, Steve",W000809,1957,,0.348,0.636,-0.32768,0.99811,173,0,,0.373,0.531
119,House,21503,42,2,AR,200,,,"HILL, French",H001072,1956,,0.437,0.272,-0.66288,0.99613,171,0,,0.373,0.531
119,House,21563,42,4,AR,200,,,"WESTERMAN, Bruce Eugene",W000821,1967,,0.546,0.254,-2.51596,0.98556,173,1,,0.486,0.319
119,House,15448,71,11,CA,100,,,"PELOSI, Nancy",P000197,1940,,-0.489,-0.179,-10.11461,0.93394,148,5,,-0.423,-0.002
119,House,20107,71,48,CA,200,,,"ISSA, Darrell",I000056,1953,,0.478,0.024,-2.53695,0.98527,171,0,,0.373,0.531
119,House,20310,71,38,CA,100,,,"SÁNCHEZ, Linda T.",S001156,1969,,-0.508,-0.131,-3.35975,0.98066,172,1,,-0.571,-0.029
119,House,20501,71,21,CA,100,,,"COSTA, Jim",C001059,1952,,-0.198,0.448,-30.45172,0.82959,163,17,,-0.365,0.791
119,House,20538,71,7,CA,100,,,"MATSUI, Doris",M001163,1944,,-0.434,-0.142,-7.47907,0.95769,173,3,,-0.557,0.062
119,House,20903,71,5,CA,200,,,"McCLINTOCK, Tom",M001177,1956,,0.671,-0.365,-31.85884,0.83002,171,18,,0.646,-0.212
119,House,20955,71,28,CA,100,,,"CHU, Judy",C001080,1953,,-0.482,-0.37,-4.65491,0.9733,172,1,,-0.568,0.023
119,House,20958,71,8,CA,100,,,"GARAMENDI, John",G000559,1945,,-0.314,-0.098,-8.72833,0.94197,146,4,,-0.398,-0.464
119,House,21302,71,1,CA,200,,,"LaMALFA, Doug",L000578,1960,,0.54,0.014,-4.2966,0.9746,167,0,,0.485,0.316
119,House,21303,71,2,CA,100,,,"HUFFMAN, Jared",H001068,1964,,-0.431,-0.506,-4.5061,0.97338,167,1,,-0.581,-0.006
119,House,21304,71,6,CA,100,,,"BERA, Ami",B001287,1965,,-0.247,0.009,-18.11404,0.89603,165,10,,-0.319,-0.158
119,House,21306,71,14,CA,100,,,"SWALWELL, Eric",S001193,1980,,-0.355,-0.049,-10.4979,0.93649,160,6,,-0.274,-0.23
119,House,21307,71,22,CA,200,,,"VALADAO, David G.",V000129,1977,,0.258,0.438,-3.34366,0.98041,169,1,,0.275,0.53
119,House,21308,71,26,CA,100,,,"BROWNLEY, Julia",B001285,1952,,-0.303,0.049,-12.05339,0.93037,167,5,,-0.346,-0.391
119,House,21311,71,25,CA,100,,,"RUIZ, Raul",R000599,1972,,-0.259,0.046,-15.69662,0.9113,169,6,,-0.469,0.373
119,House,21312,71,39,CA,100,,,"TAKANO, Mark",T000472,1960,,-0.458,-0.328,-3.53338,0.97955,171,1,,-0.405,-0.418
119,House,21314,71,52,CA,100,,,"VARGAS, Juan",V000130,1961,,-0.398,0.023,-6.34496,0.96205,164,1,,-0.593,0.314
119,House,21315,71,50,CA,100,,,"PETERS, Scott",P000608,1958,,-0.193,-0.033,-17.57481,0.90233,171,9,,-0.299,-0.005
119,House,21504,71,10,CA,100,,,"DESAULNIER, Mark James",D000623,1952,,-0.514,-0.362,-2.24829,0.98655,166,1,,-0.658,-0.103
119,House,21506,71,33,CA,100,,,"AGUILAR, Peter Rey",A000371,1979,,-0.323,0.14,-12.71368,0.92835,171,6,,-0.519,0.353
119,House,21507,71,36,CA,100,,,"LIEU, Ted",L000582,1969,,-0.374,-0.205,-8.99181,0.94907,172,4,,-0.519,0.353
119,House,21508,71,35,CA,100,,,"TORRES, Norma Judith",T000474,1965,,-0.369,0.069,-10.81098,0.93908,172,6,,-0.37,0.052
119,House,21703,71,44,CA,100,,,"BARRAGÁN, Nanette Diaz",B001300,1976,,-0.502,-0.123,-1.9121,0.98848,165,0,,-0.529,-0.286
119,House,21709,71,24,CA,100,,,"CARBAJAL, Salud",C001112,1964,,-0.325,0.102,-9.79791,0.94494,173,5,,-0.367,0.021
119,House,21711,71,46,CA,100,,,"CORREA, Jose Luis",C001110,1958,,-0.286,0.154,-14.84795,0.90809,154,8,,-0.473,0.499
119,House,21728,71,17,CA,100,,,"KHANNA, Rohit",K000389,1976,,-0.456,-0.293,-15.23648,0.91475,171,6,,-0.425,0.145
119,House,21740,71,19,CA,100,,,"PANETTA, James Varni",P000613,1969,,-0.29,0.189,-13.80207,0.92332,173,6,,-0.357,0.493
119,House,21754,71,34,CA,100,,,"GOMEZ, Jimmy",G000585,1974,,-0.526,-0.259,-12.0237,0.92628,157,4,,-0.526,0.296
119,House,21907,71,31,CA,100,,,"CISNEROS, Gil",C001123,1971,,-0.481,0.717,-16.01298,0.9111,172,9,,-0.605,0.796
119,House,21930,71,9,CA,100,,,"HARDER, Josh",H001090,1986,,-0.298,0.47,-18.9596,0.89563,172,9,,-0.183,0.168
119,House,21939,71,49,CA,100,,,"LEVIN, Mike",L000593,1978,,-0.317,0.162,-13.33362,0.92582,173,9,,-0.272,0.158
119,House,22126,71,51,CA,100,,,"JACOBS, Sara",J000305,1989,,-0.405,-0.426,-4.40978,0.97483,173,1,,-0.575,-0.025
119,House,22129,71,40,CA,200,,,"KIM, Young",K000397,1962,,0.255,0.374,-1.00226,0.99419,172,0,,0.373,0.531
119,House,22145,71,23,CA,200,,,"OBERNOLTE, Jay",O000019,1970,,0.316,0.284,-3.70405,0.97857,171,1,,0.276,0.532
119,House,22323,71,42,CA,100,,,"GARCIA, Robert",G000598,1977,,-0.377,-0.604,-6.26941,0.96249,164,2,,-0.467,-0.073
119,House,22333,71,37,CA,100,,,"KAMLAGER-DOVE, Sydney",K000400,1972,,-0.526,-0.469,-8.02216,0.95139,161,3,,-0.59,0.185
119,House,22336,71,3,CA,200,,,"KILEY, Kevin",K000401,1985,,0.252,0.421,-6.13151,0.96498,172,2,,0.252,0.175
119,House,22354,71,15,CA,100,,,"MULLIN, Kevin",M001225,1970,,-0.5,0.012,-8.34385,0.94554,149,4,,-0.786,0.598
119,House,22378,71,20,CA,200,,,"FONG, Vince",F000480,1979,,0.461,0.887,-4.15125,0.9747,162,1,,0.323,0.947
119,House,22516,71,30,CA,100,,,"FRIEDMAN, Laura",F000483,1966,,-0.385,-0.12,-7.63402,0.95609,170,5,,-0.385,-0.12
119,House,22521,71,13,CA,100,,,"GRAY, Adam",G000605,1977,,-0.247,0.844,-18.28226,0.89971,173,5,,-0.247,0.844
119,House,22532,71,16,CA,100,,,"LICCARDO, Sam T.",L000607,1970,,-0.379,-0.101,-8.21529,0.95362,173,4,,-0.379,-0.101
119,House,22541,71,47,CA,100,,,"MIN, Dave",M001241,1976,,-0.234,0.114,-21.49962,0.8825,172,12,,-0.234,0.114
119,House,22550,71,29,CA,100,,,"RIVAS, Luz M.",R000620,1974,,-0.667,-0.072,-1.72755,0.98989,170,0,,-0.667,-0.072
119,House,22553,71,12,CA,100,,,"SIMON, Lateefah",S001231,1977,,-0.94,0.341,-6.18526,0.96343,166,2,,-0.941,0.338
119,House,22556,71,45,CA,100,,,"TRAN, Derek",T000491,1980,,-0.253,0.204,-12.57981,0.92987,173,6,,-0.253,0.204
119,House,22559,71,27,CA,100,,,"WHITESIDES, George",W000830,1974,,-0.189,0.225,-10.37607,0.93905,165,1,,-0.189,0.225
119,House,29106,71,43,CA,100,,,"WATERS, Maxine",W000187,1938,,-0.656,-0.095,-7.16403,0.95801,167,2,,-0.802,0.345
119,House,29323,71,41,CA,200,,,"CALVERT, Ken",C000059,1953,,0.339,0.276,-0.4125,0.99762,173,0,,0.373,0.531
119,House,29504,71,18,CA,100,,,"LOFGREN, Zoe",L000397,1947,,-0.397,-0.402,-10.87153,0.93624,165,5,,-0.428,0.136
119,House,29707,71,32,CA,100,,,"SHERMAN, Brad",S000344,1954,,-0.344,-0.137,-16.59793,0.90539,167,8,,-0.574,0.445
119,House,29901,71,4,CA,100,,,"THOMPSON, Michael",T000460,1951,,-0.392,0.072,-20.66015,0.88619,171,7,,-0.4,0.318
119,House,21912,62,6,CO,100,,,"CROW, Jason",C001121,1979,,-0.356,0.199,-12.29673,0.931,172,5,,-0.405,-0.178
119,House,21948,62,2,CO,100,,,"NEGUSE, Joseph",N000191,1984,,-0.426,-0.101,-6.25085,0.96451,173,2,,-0.526,0.207
119,House,22103,62,4,CO,200,,,"BOEBERT, Lauren",B000825,1986,,0.736,-0.492,-11.95596,0.92928,163,5,,0.75,-0.368
119,House,22359,62,7,CO,100,,,"PETTERSEN, Brittany",P000620,1981,,-0.365,0.341,-10.4219,0.91615,119,6,,-0.475,0.599
119,House,22509,62,5,CO,200,,,"CRANK, Jeff",C001137,1967,,0.745,-0.138,-10.93336,0.93876,173,4,,0.742,-0.127
119,House,22513,62,8,CO,200,,,"EVANS, Gabe",E000300,1986,,0.373,0.531,-0.28029,0.99838,173,0,,0.373,0.531
119,House,22526,62,3,CO,200,,,"HURD, Jeff",H001100,1979,,0.375,0.532,-0.2741,0.99839,170,0,,0.375,0.532
119,House,29710,62,1,CO,100,,,"DeGETTE, Diana",D000197,1957,,-0.431,-0.307,-5.51505,0.96826,171,2,,-0.721,0.178
119,House,20706,1,2,CT,100,,,"COURTNEY, Joe",C001069,1953,,-0.337,0.041,-14.5047,0.91913,172,7,,-0.262,-0.026
119,House,20907,1,4,CT,100,,,"HIMES, James A.",H001047,1966,,-0.241,-0.21,-13.61808,0.92388,172,6,,-0.189,-0.418
119,House,21931,1,5,CT,100,,,"HAYES, Jahana",H001081,1973,,-0.327,-0.05,-15.07149,0.91564,171,10,,-0.356,-0.024
119,House,29109,1,3,CT,100,,,"DeLAURO, Rosa L.",D000216,1943,,-0.414,-0.108,-14.05107,0.92112,171,4,,-0.256,-0.51
119,House,29908,1,1,CT,100,,,"LARSON, John B.",L000557,1948,,-0.396,-0.039,-6.7308,0.95979,164,3,,-0.351,-0.237
119,House,22535,11,1,DE,100,,,"MCBRIDE, Sarah",M001238,1990,,-0.245,-0.296,-10.26629,0.94173,171,5,,-0.245,-0.296
119,House,21993,55,0,DC,100,,,"NORTON, Eleanor Holmes",N000147,1937,,-0.491,-0.114,-0.00257,0.99936,4,0,,-0.599,-0.565
119,House,20316,43,26,FL,200,,,"DIAZ-BALART, Mario",D000600,1961,,0.281,0.158,-1.05297,0.9934,159,0,,0.373,0.531
119,House,20504,43,25,FL,100,,,"WASSERMAN SCHULTZ, Debbie",W000797,1966,,-0.415,0.102,-10.93383,0.93663,167,6,,-0.405,0.219
119,House,20708,43,14,FL,100,,,"CASTOR, Kathy",C001066,1966,,-0.438,0.072,-9.32503,0.94723,172,2,,-0.582,0.355
119,House,20709,43,16,FL,200,,,"BUCHANAN, Vernon G.",B001260,1951,,0.361,-0.083,-1.75033,0.98877,155,0,,0.375,0.529
119,House,20758,43,12,FL,200,,,"BILIRAKIS, Gus",B001257,1963,,0.423,-0.03,-2.03772,0.98773,165,0,,0.37,0.539
119,House,21116,43,11,FL,200,,,"WEBSTER, Daniel A.",W000806,1949,,0.524,-0.079,-9.81857,0.94356,169,5,,0.658,0.162
119,House,21118,43,24,FL,100,,,"WILSON, Frederica",W000808,1942,,-0.477,-0.006,-6.55119,0.95364,138,3,,-0.408,-0.141
119,House,21321,43,22,FL,100,,,"FRANKEL, Lois",F000462,1948,,-0.396,-0.024,-10.12205,0.9405,165,6,,-0.461,0.355
119,House,21714,43,2,FL,200,,,"DUNN, Neal Patrick",D000628,1953,,0.507,0.336,-1.07548,0.99313,156,0,,0.367,0.567
119,House,21735,43,21,FL,200,,,"MAST, Brian Jeffery",M001199,1980,,0.462,-0.346,-11.24213,0.93452,166,6,,0.565,-0.052
119,House,21744,43,5,FL,200,,,"RUTHERFORD, John Henry",R000609,1952,,0.431,0.071,-1.37187,0.99177,166,0,,0.368,0.567
119,House,21746,43,9,FL,100,,,"SOTO, Darren Michael",S001200,1978,,-0.349,0.197,-12.81645,0.92859,173,6,,-0.373,0.299
119,House,21971,43,17,FL,200,,,"STEUBE, William",S001214,1978,,0.693,-0.341,-16.07432,0.90927,169,7,,0.725,-0.514
119,House,21981,43,6,FL,200,,,"WALTZ, Michael",W000823,1974,,0.452,-0.113,-0.00399,0.99934,6,0,,0.682,0.732
119,House,22107,43,3,FL,200,,,"CAMMACK, Kat",C001039,1988,,0.592,-0.234,-11.73246,0.93406,172,3,,0.609,-0.284
119,House,22111,43,19,FL,200,,,"DONALDS, Byron",D000032,1978,,0.647,-0.27,-17.70135,0.89527,160,7,,0.565,-0.474
119,House,22116,43,18,FL,200,,,"FRANKLIN, C. Scott",F000472,1964,,0.624,0.191,-7.54543,0.95683,171,4,,0.748,0.529
119,House,22118,43,28,FL,200,,,"GIMENEZ, Carlos A.",G000593,1954,,0.331,0.136,-0.69708,0.99576,164,0,,0.37,0.539
119,House,22150,43,27,FL,200,,,"SALAZAR, Maria Elvira",S000168,1961,,0.272,0.162,-1.13523,0.99266,154,0,,0.37,0.537
119,House,22163,43,20,FL,100,,,"CHERFILUS-MCCORMICK, Sheila",C001127,1979,,-0.432,-0.031,-10.62958,0.94007,172,6,,-0.403,0.17
119,House,22302,43,4,FL,200,,,"BEAN, Aaron",B001314,1967,,0.679,-0.156,-14.13046,0.92157,173,7,,0.679,-0.27
119,House,22321,43,10,FL,100,,,"FROST, Maxwell",F000476,1997,,-0.432,-0.713,-3.08154,0.98224,172,1,,-0.475,-0.748
119,House,22341,43,15,FL,200,,,"LEE, Laurel",L000597,1974,,0.411,0.159,-4.56647,0.96962,148,1,,0.61,0.792
119,House,22343,43,13,FL,200,,,"LUNA, Anna",L000596,1989,,0.565,-0.497,-22.86716,0.86682,160,10,,0.523,-0.48
119,House,22350,43,7,FL,200,,,"MILLS, Cory",M001216,1980,,0.607,-0.294,-14.08846,0.91956,168,7,,0.662,-0.117
119,House,22353,43,23,FL,100,,,"MOSKOWITZ, Jared",M001217,1980,,-0.231,0.323,-20.27976,0.88755,170,7,,-0.235,0.426
119,House,22523,43,8,FL,200,,,"HARIDOPOLOS, Mike",H001099,1970,,0.478,-0.129,-5.82528,0.96651,171,2,,0.479,-0.131
119,House,22562,43,6,FL,200,,,"FINE, Randy",F000484,1974,,0.814,0.198,-11.20575,0.90479,112,4,,0.808,0.234
119,House,22563,43,1,FL,200,,,"PATRONIS, Jimmy",P000622,1972,,0.805,0.262,-7.27523,0.93711,112,2,,0.808,0.252
119,House,20321,44,13,GA,100,,,"SCOTT, David",S001157,1945,,-0.304,0.168,-14.55683,0.9184,171,8,,-0.44,0.231
119,House,20712,44,4,GA,100,,,"JOHNSON, Hank",J000288,1954,,-0.477,-0.053,-9.54859,0.94443,167,2,,-0.688,0.376
119,House,21123,44,8,GA,200,,,"SCOTT, Austin",S001189,1969,,0.537,0.363,-14.32889,0.91962,171,4,,0.764,0.645
119,House,21513,44,1,GA,200,,,"CARTER, Buddy",C001103,1957,,0.557,0.346,-3.74021,0.97798,168,1,,0.634,0.773
119,House,21515,44,11,GA,200,,,"LOUDERMILK, Barry D.",L000583,1963,,0.678,0.03,-13.69671,0.9208,166,10,,0.583,0.194
119,House,21516,44,12,GA,200,,,"ALLEN, Rick W.",A000372,1951,,0.69,0.285,-6.0589,0.96519,171,1,,0.666,0.746
119,House,21944,44,6,GA,100,,,"McBATH, Lucy",M001208,1960,,-0.355,0.288,-13.31793,0.92379,168,6,,-0.43,0.565
119,House,22110,44,9,GA,200,,,"CLYDE, Andrew S.",C001116,1963,,0.823,-0.141,-19.52757,0.89268,172,9,,0.828,-0.383
119,House,22121,44,14,GA,200,,,"GREENE, Marjorie Taylor",G000596,1974,,0.8,-0.6,-25.83227,0.85426,164,12,,0.627,-0.649
119,House,22156,44,5,GA,100,,,"WILLIAMS, Nikema",W000788,1978,,-0.44,-0.407,-3.10044,0.98224,173,1,,-0.658,-0.105
119,House,22310,44,10,GA,200,,,"COLLINS, Mike",C001129,1967,,0.675,-0.264,-12.84264,0.92805,172,3,,0.683,-0.34
119,House,22346,44,7,GA,200,,,"MCCORMICK, Rich",M001218,1968,,0.891,0.454,-16.1696,0.91027,172,6,,0.913,0.407
119,House,22527,44,3,GA,200,,,"JACK, Brian",J000311,1988,,0.522,-0.209,-7.0417,0.96011,173,1,,0.523,-0.214
119,House,29339,44,2,GA,100,,,"BISHOP, Sanford Dixon, Jr.",B000490,1947,,-0.287,0.446,-24.73437,0.8631,168,12,,-0.337,0.478
119,House,22373,94,0,GU,200,,,"MOYLAN, James",M001219,1962,,0.443,0.432,-0.17709,0.97092,6,0,,0.76,-0.65
119,House,20322,82,1,HI,100,,,"CASE, Ed",C001055,1952,,-0.204,-0.085,-31.45459,0.83198,171,15,,-0.17,-0.455
119,House,22369,82,2,HI,100,,,"TOKUDA, Jill",T000487,1976,,-0.473,-0.366,-1.58783,0.99086,173,0,,-0.529,-0.285
119,House,21920,63,1,ID,200,,,"FULCHER, Russell",F000469,1962,,0.647,-0.097,-18.61037,0.89745,172,8,,0.761,-0.113
119,House,29910,63,2,ID,200,,,"SIMPSON, Michael K.",S001148,1950,,0.296,0.312,-0.53233,0.9968,166,0,,0.375,0.53
119,House,20749,21,11,IL,100,,,"FOSTER, Bill",F000454,1955,,-0.238,-0.225,-9.33185,0.94749,173,3,,-0.298,-0.442
119,House,20954,21,5,IL,100,,,"QUIGLEY, Mike",Q000023,1958,,-0.326,-0.231,-5.47556,0.96849,171,2,,-0.282,-0.419
119,House,21326,21,10,IL,100,,,"SCHNEIDER, Brad",S001190,1961,,-0.195,-0.121,-16.84569,0.9035,166,8,,-0.248,-0.058
119,House,21371,21,2,IL,100,,,"KELLY, Robin L.",K000385,1956,,-0.472,-0.022,-4.06287,0.97652,171,1,,-0.445,-0.349
119,House,21519,21,12,IL,200,,,"BOST, Mike",B001295,1960,,0.398,-0.035,-6.28291,0.96433,173,3,,0.47,-0.061
119,House,21562,21,16,IL,200,,,"LaHOOD, Darin",L000585,1968,,0.46,0.223,-7.39373,0.95618,165,1,,0.313,0.95
119,House,21730,21,8,IL,100,,,"KRISHNAMOORTHI, S. Raja",K000391,1973,,-0.345,-0.008,-10.4279,0.94117,172,6,,-0.508,0.255
119,House,21906,21,6,IL,100,,,"CASTEN, Sean",C001117,1971,,-0.639,0.425,-4.59473,0.97349,171,2,,-0.54,0.081
119,House,21921,21,4,IL,100,,,"GARCÍA, Jesús",G000586,1956,,-0.432,-0.885,-11.22169,0.93539,168,3,,-0.38,-0.925
119,House,21979,21,14,IL,100,,,"UNDERWOOD, Lauren",U000040,1986,,-0.598,0.331,-3.74118,0.97861,173,1,,-0.497,-0.142
119,House,22138,21,15,IL,200,,,"MILLER, Mary E.",M001211,1959,,0.79,-0.151,-12.34977,0.92872,167,5,,0.793,-0.128
119,House,22304,21,13,IL,100,,,"BUDZINSKI, Nikki",B001315,1977,,-0.337,0.52,-16.43358,0.90938,173,4,,-0.38,0.605
119,House,22330,21,1,IL,100,,,"JACKSON, Jonathan",J000309,1966,,-0.329,-0.462,-18.94667,0.887,158,8,,-0.232,-0.338
119,House,22360,21,3,IL,100,,,"RAMIREZ, Delia",R000617,1983,,-0.496,-0.868,-4.92168,0.97026,163,2,,-0.602,-0.774
119,House,22365,21,17,IL,100,,,"SORENSEN, Eric",S001225,1976,,-0.245,0.272,-10.32887,0.94204,173,2,,-0.233,0.146
119,House,29717,21,7,IL,100,,,"DAVIS, Danny K.",D000096,1941,,-0.487,-0.266,-1.46114,0.99118,165,0,,-0.536,-0.289
119,House,29911,21,9,IL,100,,,"SCHAKOWSKY, Janice D.",S001145,1944,,-0.602,-0.291,-1.79283,0.98939,168,1,,-0.663,-0.106
119,House,20757,22,7,IN,100,,,"CARSON, André",C001072,1974,,-0.436,0.03,-4.2368,0.97524,169,0,,-0.498,-0.146
119,House,21100,22,3,IN,200,,,"STUTZMAN, Marlin",S001188,1976,,0.723,-0.109,-16.5069,0.909,173,7,,0.567,-0.155
119,House,21903,22,4,IN,200,,,"BAIRD, James",B001307,1945,,0.445,0.415,-6.20365,0.96417,170,2,,0.605,0.49
119,House,22142,22,1,IN,100,,,"MRVAN, Frank J.",M001214,1969,,-0.306,0.341,-13.22757,0.92205,163,7,,-0.253,0.126
119,House,22151,22,5,IN,200,,,"SPARTZ, Victoria",S000929,1978,,0.487,-0.268,-26.42892,0.8423,154,9,,0.447,-0.493
119,House,22171,22,2,IN,200,,,"YAKYM, Rudy, III",Y000067,1984,,0.51,0.143,-2.81527,0.98386,173,1,,0.507,0.408
119,House,22326,22,9,IN,200,,,"HOUCHIN, Erin",H001093,1976,,0.633,0.219,-9.23717,0.94771,172,5,,0.679,0.289
119,House,22540,22,8,IN,200,,,"MESSMER, Mark B.",M001233,1962,,0.468,0.007,-4.008,0.97697,172,2,,0.468,0.006
119,House,22552,22,6,IN,200,,,"SHREVE, Jefferson",S001229,1965,,0.425,0.01,-3.37574,0.98056,172,1,,0.425,0.01
119,House,22113,31,4,IA,200,,,"FEENSTRA, Randy",F000446,1969,,0.469,0.165,-5.93804,0.96626,173,2,,0.435,-0.086
119,House,22124,31,2,IA,200,,,"HINSON, Ashley",H001091,1983,,0.349,0.349,-3.04095,0.98248,172,1,,0.486,0.319
119,House,22139,31,1,IA,200,,,"MILLER-MEEKS, Mariannette",M001215,1955,,0.336,0.195,-0.48405,0.99696,159,0,,0.366,0.604
119,House,22356,31,3,IA,200,,,"NUNN, Zach",N000193,1979,,0.292,0.201,-0.77469,0.99529,164,0,,0.373,0.53
119,House,21750,32,4,KS,200,,,"ESTES, Ron",E000298,1956,,0.648,0.108,-15.41222,0.91477,173,7,,0.858,0.514
119,House,21914,32,3,KS,100,,,"DAVIDS, Sharice",D000629,1980,,-0.269,0.244,-15.71556,0.91316,173,8,,-0.204,-0.054
119,House,22134,32,1,KS,200,,,"MANN, Tracey",M000871,1976,,0.605,0.062,-8.33273,0.95298,173,3,,0.606,0.006
119,House,22551,32,2,KS,200,,,"SCHMIDT, Derek",S001228,1968,,0.896,0.444,-16.06081,0.91134,173,8,,0.899,0.438
119,House,14854,51,5,KY,200,,,"ROGERS, Harold Dallas (Hal)",R000395,1937,,0.333,0.152,-0.65923,0.99615,171,0,,0.373,0.531
119,House,20916,51,2,KY,200,,,"GUTHRIE, Brett",G000558,1964,,0.428,0.269,-0.60778,0.99643,170,0,,0.374,0.531
119,House,21333,51,6,KY,200,,,"BARR, Garland H. (Andy) IV",B001282,1973,,0.486,0.299,-3.36958,0.97966,164,2,,0.534,0.227
119,House,21565,51,1,KY,200,,,"COMER, James",C001108,1972,,0.592,-0.065,-10.29906,0.93913,164,4,,0.487,-0.259
119,House,22347,51,3,KY,100,,,"MCGARVEY, Morgan",M001220,1979,,-0.521,0.021,-5.58103,0.96825,173,3,,-0.475,0.029
119,House,31102,51,4,KY,200,,,"MASSIE, Thomas",M001184,1971,,0.678,-0.735,-56.12439,0.70259,159,19,,0.516,-0.857
119,House,20759,45,1,LA,200,,,"SCALISE, Steve",S001176,1965,,0.558,0.165,-8.96338,0.94804,168,4,,0.432,-0.176
119,House,21724,45,3,LA,200,,,"HIGGINS, Clay",H001077,1961,,0.623,-0.315,-12.65618,0.92743,168,7,,0.673,-0.319
119,House,21727,45,4,LA,200,,,"JOHNSON, Mike",J000299,1972,,0.565,0.021,-1.10546,0.99184,135,0,,0.422,0.486
119,House,22157,45,5,LA,200,,,"LETLOW, Julia",L000595,1981,,0.425,0.342,-7.74576,0.9552,169,2,,0.465,0.005
119,House,22158,45,2,LA,100,,,"CARTER, Troy",C001125,1963,,-0.506,0.246,-13.82571,0.921,168,6,,-0.498,0.458
119,House,29354,45,6,LA,100,,,"FIELDS, Cleo",F000110,1962,,-0.454,0.096,-11.35715,0.9361,172,7,,-0.41,0.261
119,House,20920,2,1,ME,100,,,"PINGREE, Chellie",P000597,1955,,-0.423,-0.365,-5.52236,0.96607,160,2,,-0.776,0.297
119,House,21923,2,2,ME,100,,,"GOLDEN, Jared",G000592,1982,,-0.104,0.373,-27.8756,0.85118,173,11,,-0.148,0.644
119,House,14873,52,5,MD,100,,,"HOYER, Steny Hamilton",H000874,1939,,-0.381,0.122,-8.57516,0.94936,165,4,,-0.302,-0.244
119,House,15433,52,7,MD,100,,,"MFUME, Kweisi",M000687,1948,,-0.44,-0.328,-8.4526,0.94977,164,4,,-0.3,-0.425
119,House,21139,52,1,MD,200,,,"HARRIS, Andy",H001052,1957,,0.673,-0.373,-25.73573,0.85797,168,13,,0.793,-0.212
119,House,21741,52,8,MD,100,,,"RASKIN, Jamie Ben",R000606,1962,,-0.511,-0.228,-4.77691,0.97229,170,2,,-0.54,0.077
119,House,22329,52,4,MD,100,,,"IVEY, Glenn",I000058,1961,,-0.451,-0.059,-7.70541,0.95594,171,3,,-0.308,-0.522
119,House,22512,52,3,MD,100,,,"ELFRETH, Sarah",E000301,1988,,-0.308,-0.155,-10.16493,0.94294,173,4,,-0.308,-0.155
119,House,22536,52,6,MD,100,,,"MCCLAIN DELANEY, April",M001232,1964,,-0.279,0.265,-12.84332,0.92598,167,3,,-0.279,0.265
119,House,22545,52,2,MD,100,,,"OLSZEWSKI, Johnny, Jr.",O000176,1982,,-0.296,-0.289,-6.20801,0.96455,172,1,,-0.296,-0.289
119,House,15616,3,1,MA,100,,,"NEAL, Richard Edmund",N000015,1949,,-0.417,-0.106,-6.80195,0.95838,160,3,,-0.335,-0.255
119,House,20119,3,8,MA,100,,,"LYNCH, Stephen F.",L000562,1955,,-0.344,0.048,-18.622,0.89388,166,8,,-0.186,-0.348
119,House,21140,3,9,MA,100,,,"KEATING, William R.",K000375,1952,,-0.329,-0.1,-10.66473,0.93814,167,5,,-0.23,-0.423
119,House,21375,3,5,MA,100,,,"CLARK, Katherine M.",C001101,1963,,-0.481,-0.268,-4.62503,0.97362,173,2,,-0.435,-0.198
119,House,21525,3,6,MA,100,,,"MOULTON, Seth",M001196,1978,,-0.286,-0.04,-9.64043,0.94223,162,3,,-0.396,0.065
119,House,21955,3,7,MA,100,,,"PRESSLEY, Ayanna",P000617,1974,,-0.369,-0.93,-8.58254,0.95077,170,3,,-0.502,-0.83
119,House,21977,3,3,MA,100,,,"TRAHAN, Lori",T000482,1973,,-0.422,-0.135,-6.76741,0.95884,161,3,,-0.35,-0.323
119,House,22100,3,4,MA,100,,,"AUCHINCLOSS, Jake",A000148,1988,,-0.293,-0.276,-17.58198,0.8995,166,7,,-0.235,-0.355
119,House,29729,3,2,MA,100,,,"McGOVERN, James P.",M000312,1959,,-0.538,-0.341,-3.52962,0.97845,162,1,,-0.49,-0.611
119,House,20725,23,5,MI,200,,,"WALBERG, Tim",W000798,1951,,0.499,0.159,-2.40691,0.98594,170,1,,0.486,0.318
119,House,21142,23,4,MI,200,,,"HUIZENGA, Bill",H001058,1969,,0.532,0.047,-3.66634,0.97829,167,1,,0.374,0.53
119,House,21526,23,2,MI,200,,,"MOOLENAAR, John",M001194,1961,,0.448,0.165,-1.08858,0.99373,173,0,,0.373,0.531
119,House,21529,23,6,MI,100,,,"DINGELL, Debbie",D000624,1953,,-0.402,-0.189,-3.50487,0.97947,169,1,,-0.505,-0.108
119,House,21704,23,1,MI,200,,,"BERGMAN, John",B001301,1947,,0.432,0.083,-1.06991,0.99354,165,0,,0.384,0.519
119,House,21972,23,11,MI,100,,,"STEVENS, Haley",S001215,1983,,-0.391,0.273,-10.55477,0.94014,171,6,,-0.471,0.536
119,House,21975,23,12,MI,100,,,"TLAIB, Rashida",T000481,1976,,-0.29,-0.957,-10.29411,0.93916,164,3,,-0.596,-0.803
119,House,22136,23,9,MI,200,,,"MCCLAIN, Lisa C.",M001136,1966,,0.55,0.157,-2.92073,0.98276,168,0,,0.373,0.531
119,House,22332,23,10,MI,200,,,"JAMES, John",J000307,1981,,0.312,0.416,-0.38984,0.99752,157,0,,0.375,0.531
119,House,22363,23,3,MI,100,,,"SCHOLTEN, Hillary",S001221,1982,,-0.249,0.219,-13.01319,0.92546,168,6,,-0.223,0.263
119,House,22368,23,13,MI,100,,,"THANEDAR, Shri",T000488,1955,,-0.346,-0.04,-20.31573,0.88736,170,10,,-0.34,0.014
119,House,22501,23,7,MI,200,,,"BARRETT, Tom",B001321,1981,,0.514,-0.176,-14.6528,0.91879,173,7,,0.487,-0.163
119,House,22537,23,8,MI,100,,,"MCDONALD RIVET, Kristen",M001237,1970,,-0.238,0.457,-21.47365,0.88327,173,11,,-0.238,0.457
119,House,20122,33,4,MN,100,,,"McCOLLUM, Betty",M001143,1954,,-0.419,-0.185,-3.24938,0.98107,170,1,,-0.497,-0.141
119,House,21531,33,6,MN,200,,,"EMMER, Thomas Earl II",E000294,1961,,0.466,-0.069,-4.0907,0.97663,173,2,,0.539,0.286
119,House,21910,33,2,MN,100,,,"CRAIG, Angela",C001119,1972,,-0.266,0.581,-21.25667,0.88375,172,8,,-0.259,0.234
119,House,21950,33,5,MN,100,,,"OMAR, Ilhan",O000173,1982,,-0.296,-0.955,-12.29811,0.92818,165,5,,-0.385,-0.819
119,House,21969,33,8,MN,200,,,"STAUBER, Peter",S001212,1966,,0.385,-0.103,-9.02653,0.94858,171,5,,0.507,-0.104
119,House,22114,33,7,MN,200,,,"FISCHBACH, Michelle",F000470,1965,,0.537,-0.031,-6.31232,0.96376,171,3,,0.508,-0.113
119,House,22167,33,1,MN,200,,,"FINSTAD, Brad",F000475,1976,,0.546,-0.046,-6.49306,0.96187,167,4,,0.507,-0.102
119,House,22544,33,3,MN,100,,,"MORRISON, Kelly",M001234,1969,,-0.273,-0.452,-6.38809,0.96354,172,1,,-0.273,-0.452
119,House,21561,46,1,MS,200,,,"KELLY, Trent",K000388,1966,,0.637,0.293,-5.39182,0.96931,173,3,,0.475,0.024
119,House,21927,46,3,MS,200,,,"GUEST, Michael",G000591,1970,,0.53,0.114,-9.24338,0.94768,172,5,,0.496,-0.167
119,House,22319,46,4,MS,200,,,"EZELL, Mike",E000235,1959,,0.556,0.148,-8.29052,0.95267,171,6,,0.501,-0.206
119,House,29368,46,2,MS,100,,,"THOMPSON, Bennie",T000193,1948,,-0.519,0.391,-10.80276,0.93878,171,5,,-0.753,0.658
119,House,20124,34,6,MO,200,,,"GRAVES, Samuel",G000546,1963,,0.448,0.164,-2.15843,0.98708,166,1,,0.52,0.402
119,House,20517,34,5,MO,100,,,"CLEAVER, Emanuel, II",C001061,1944,,-0.453,-0.001,-5.45959,0.96784,167,1,,-0.373,-0.375
119,House,21337,34,2,MO,200,,,"WAGNER, Ann",W000812,1962,,0.39,0.298,-0.42081,0.99753,170,0,,0.371,0.529
119,House,21373,34,8,MO,200,,,"SMITH, Jason",S001195,1980,,0.577,0.21,-4.52753,0.97357,169,2,,0.484,0.081
119,House,22300,34,4,MO,200,,,"ALFORD, Mark",A000379,1963,,0.58,0.053,-5.4689,0.96797,168,2,,0.373,0.531
119,House,22305,34,7,MO,200,,,"BURLISON, Eric",B001316,1976,,0.733,-0.518,-18.32108,0.89491,165,8,,0.935,-0.355
119,House,22504,34,1,MO,100,,,"BELL, Wesley",B001324,1974,,-0.571,0.688,-13.3258,0.92586,173,7,,-0.571,0.688
119,House,22546,34,3,MO,200,,,"ONDER, Robert F., Jr.",O000177,1962,,0.769,-0.018,-14.993,0.91314,165,11,,0.766,-0.003
119,House,21532,64,1,MT,200,,,"ZINKE, Ryan",Z000018,1961,,0.441,-0.133,-7.7619,0.95485,168,3,,0.606,0.321
119,House,22511,64,2,MT,200,,,"DOWNING, Troy",D000634,1967,,0.88,0.475,-13.00427,0.92759,173,6,,0.883,0.469
119,House,20729,35,3,NE,200,,,"SMITH, Adrian",S001172,1970,,0.511,0.251,-3.77567,0.97816,171,1,,0.421,0.039
119,House,21701,35,2,NE,200,,,"BACON, Donald J.",B001298,1963,,0.285,0.189,-10.81042,0.93874,171,2,,0.239,0.207
119,House,22166,35,1,NE,200,,,"FLOOD, Mike",F000474,1975,,0.46,0.754,-0.39188,0.9977,170,0,,0.373,0.531
119,House,20927,65,1,NV,100,,,"TITUS, Alice (Dina)",T000468,1950,,-0.297,-0.164,-15.01482,0.91302,165,8,,-0.272,-0.07
119,House,21196,65,2,NV,200,,,"AMODEI, Mark E.",A000369,1958,,0.384,0.209,-4.85856,0.97098,165,1,,0.265,0.261
119,House,21339,65,4,NV,100,,,"HORSFORD, Steven",H001066,1973,,-0.32,0.152,-16.7875,0.90701,172,11,,-0.295,0.366
119,House,21938,65,3,NV,100,,,"LEE, Susie",L000590,1966,,-0.23,0.316,-12.91275,0.92686,170,4,,-0.217,0.347
119,House,21951,4,1,NH,100,,,"PAPPAS, Chris",P000614,1980,,-0.239,0.347,-11.68869,0.93467,173,4,,-0.243,0.296
119,House,22520,4,2,NH,100,,,"GOODLANDER, Maggie",G000604,1986,,-0.261,0.244,-11.28268,0.93686,173,4,,-0.261,0.244
119,House,14863,12,4,NJ,200,,,"SMITH, Christopher Henry",S000522,1953,,0.181,-0.173,-18.65084,0.8978,173,3,,0.421,0.042
119,House,15454,12,6,NJ,100,,,"PALLONE, Frank, Jr.",P000034,1951,,-0.402,-0.162,-13.75028,0.9236,173,4,,-0.705,0.709
119,House,21536,12,1,NJ,100,,,"NORCROSS, Donald",N000188,1958,,-0.419,0.337,-10.61246,0.90387,105,6,,-0.34,-0.155
119,House,21538,12,12,NJ,100,,,"WATSON COLEMAN, Bonnie",W000822,1945,,-0.597,-0.222,-1.86395,0.98928,173,1,,-0.658,-0.105
119,House,21723,12,5,NJ,100,,,"GOTTHEIMER, Josh S.",G000583,1975,,-0.163,0.21,-12.62942,0.90242,123,4,,-0.245,0.295
119,House,21964,12,11,NJ,100,,,"SHERRILL, Mikie",S001207,1972,,-0.235,0.244,-5.77905,0.94492,102,2,,-0.258,0.051
119,House,22334,12,7,NJ,200,,,"KEAN, Thomas",K000398,1968,,0.2,0.377,-3.18888,0.98152,171,0,,0.373,0.531
119,House,22348,12,8,NJ,100,,,"MENENDEZ, Robert",M001226,1985,,-0.52,0.276,-9.45096,0.94684,173,6,,-0.659,0.558
119,House,22381,12,10,NJ,100,,,"MCIVER, LaMonica",M001229,1986,,-0.603,-0.103,-1.93973,0.98879,172,1,,-0.658,-0.105
119,House,22508,12,3,NJ,100,,,"CONAWAY, Herbert C., Jr.",C001136,1963,,-0.236,-0.057,-11.02974,0.93682,169,5,,-0.236,-0.057
119,House,22547,12,9,NJ,100,,,"POU, Nellie",P000621,1956,,-0.345,0.129,-10.23952,0.94253,173,4,,-0.345,0.129
119,House,91980,12,2,NJ,200,,,"VAN DREW, Jefferson",V000133,1953,,0.381,-0.434,-13.00649,0.92593,169,6,,0.314,-0.182
119,House,22131,66,3,NM,100,,,"LEGER FERNANDEZ, Teresa",L000273,1959,,-0.363,-0.195,-5.13878,0.96718,154,2,,-0.37,-0.49
119,House,22159,66,1,NM,100,,,"STANSBURY, Melanie Ann",S001218,1979,,-0.45,-0.195,-4.50114,0.97341,167,1,,-0.39,-0.469
119,House,22371,66,2,NM,100,,,"VASQUEZ, Gabriel",V000136,1984,,-0.326,0.554,-18.27185,0.89752,169,9,,-0.39,0.719
119,House,20733,13,9,NY,100,,,"CLARKE, Yvette Diane",C001067,1964,,-0.607,-0.26,-3.8715,0.97722,168,2,,-0.588,-0.462
119,House,20934,13,20,NY,100,,,"TONKO, Paul",T000469,1949,,-0.416,-0.262,-4.76093,0.97206,168,2,,-0.652,0.12
119,House,21342,13,6,NY,100,,,"MENG, Grace",M001188,1975,,-0.37,-0.206,-8.97455,0.94706,165,4,,-0.408,0.109
119,House,21343,13,8,NY,100,,,"JEFFRIES, Hakeem",J000294,1970,,-0.486,-0.066,-4.22085,0.9759,173,2,,-0.435,-0.198
119,House,21541,13,21,NY,200,,,"STEFANIK, Elise M",S001196,1984,,0.305,-0.113,-1.91714,0.9863,139,0,,0.371,0.719
119,House,21715,13,13,NY,100,,,"ESPAILLAT, Adriano J.",E000297,1954,,-0.53,-0.206,-5.80462,0.967,173,2,,-0.469,-0.137
119,House,21747,13,3,NY,100,,,"SUOZZI, Thomas",S001201,1962,,-0.215,0.145,-25.25378,0.85647,163,13,,-0.157,0.303
119,House,21749,13,24,NY,200,,,"TENNEY, Claudia",T000478,1961,,0.463,0.012,-3.10401,0.98201,171,1,,0.507,0.408
119,House,21761,13,25,NY,100,,,"MORELLE, Joseph D.",M001206,1957,,-0.324,0.144,-15.59807,0.91133,168,10,,-0.251,-0.042
119,House,21949,13,14,NY,100,,,"OCASIO-CORTEZ, Alexandria",O000172,1989,,-0.323,-0.947,-6.52052,0.96237,170,2,,-0.49,-0.768
119,House,22117,13,2,NY,200,,,"GARBARINO, Andrew R.",G000597,1984,,0.245,0.239,-1.48214,0.991,164,0,,0.373,0.53
119,House,22133,13,11,NY,200,,,"MALLIOTAKIS, Nicole",M000317,1980,,0.338,-0.083,-14.18945,0.92037,171,3,,0.318,-0.145
119,House,22154,13,15,NY,100,,,"TORRES, Ritchie",T000486,1988,,-0.308,-0.096,-16.03398,0.90897,168,9,,-0.334,0.241
119,House,22169,13,18,NY,100,,,"RYAN, Patrick",R000579,1982,,-0.237,0.258,-14.32611,0.92008,172,6,,-0.215,0.137
119,House,22324,13,10,NY,100,,,"GOLDMAN, Daniel",G000599,1976,,-0.43,0.144,-15.823,0.90803,164,7,,-0.532,0.592
119,House,22337,13,1,NY,200,,,"LALOTA, Nicholas",L000598,1978,,0.256,0.1,-3.02199,0.98228,169,1,,0.29,0.097
119,House,22339,13,23,NY,200,,,"LANGWORTHY, Nick",L000600,1981,,0.419,-0.05,-3.17495,0.98139,169,1,,0.512,0.419
119,House,22340,13,17,NY,200,,,"LAWLER, Michael",L000599,1986,,0.193,0.254,-5.07488,0.97024,168,1,,0.289,0.103
119,House,22377,13,26,NY,100,,,"KENNEDY, Timothy M.",K000402,1976,,-0.358,0.26,-12.29066,0.93142,173,5,,-0.347,0.231
119,House,22518,13,4,NY,100,,,"GILLEN, Laura",G000602,1969,,-0.16,0.308,-16.68369,0.90756,172,5,,-0.16,0.308
119,House,22531,13,16,NY,100,,,"LATIMER, George",L000606,1953,,-0.419,0.34,-10.13276,0.94247,171,3,,-0.419,0.34
119,House,22534,13,22,NY,100,,,"MANNION, John W.",M001231,1968,,-0.197,-0.003,-12.20983,0.93147,172,4,,-0.197,-0.003
119,House,22549,13,19,NY,100,,,"RILEY, Josh",R000622,1981,,-0.201,0.158,-9.5013,0.94437,166,1,,-0.201,0.158
119,House,29377,13,12,NY,100,,,"NADLER, Jerrold Lewis",N000002,1947,,-0.507,-0.479,-4.35963,0.97453,169,1,,-0.61,-0.324
119,House,29378,13,7,NY,100,,,"VELÁZQUEZ, Nydia M.",V000081,1953,,-0.547,-0.367,-4.25529,0.97528,170,2,,-0.696,-0.109
119,House,29776,13,5,NY,100,,,"MEEKS, Gregory W.",M001137,1953,,-0.416,-0.063,-5.2873,0.96827,164,2,,-0.47,0.034
119,House,20521,47,5,NC,200,,,"FOXX, Virginia Ann",F000450,1943,,0.623,0.175,-7.58501,0.95636,170,4,,0.762,0.648
119,House,21346,47,9,NC,200,,,"HUDSON, Richard",H001067,1971,,0.523,0.209,-5.20584,0.96949,168,1,,0.452,0.027
119,House,21544,47,7,NC,200,,,"ROUZER, David",R000603,1972,,0.565,0.288,-5.41955,0.96898,172,1,,0.452,0.03
119,House,21545,47,12,NC,100,,,"ADAMS, Alma",A000370,1946,,-0.462,-0.007,-6.23046,0.96463,173,2,,-0.396,-0.27
119,House,21987,47,3,NC,200,,,"MURPHY, Gregory Francis",M001210,1963,,0.485,0.131,-1.72275,0.98968,166,0,,0.375,0.532
119,House,22149,47,2,NC,100,,,"ROSS, Deborah K.",R000305,1963,,-0.381,-0.009,-9.55771,0.94625,173,3,,-0.255,-0.497
119,House,22314,47,1,NC,100,,,"DAVIS, Don",D000230,1971,,-0.25,0.873,-18.52486,0.89789,172,6,,-0.215,0.794
119,House,22318,47,11,NC,200,,,"EDWARDS, Chuck",E000246,1960,,0.391,0.462,-31.2851,0.83281,171,5,,0.793,0.61
119,House,22320,47,4,NC,100,,,"FOUSHEE, Valerie",F000477,1956,,-0.498,-0.276,-4.02841,0.97672,171,1,,-0.404,-0.427
119,House,22524,47,10,NC,200,,,"HARRIGAN, Pat",H001101,1987,,0.983,0.182,-12.04004,0.93004,166,5,,0.982,0.188
119,House,22525,47,8,NC,200,,,"HARRIS, Mark",H001102,1966,,0.804,-0.096,-14.20123,0.92119,173,5,,0.801,-0.092
119,House,22530,47,13,NC,200,,,"KNOTT, Brad",K000405,1986,,0.755,-0.051,-15.88275,0.9113,171,9,,0.751,-0.039
119,House,22538,47,6,NC,200,,,"MCDOWELL, Addison P.",M001240,1994,,0.529,-0.223,-8.65338,0.95093,172,3,,0.531,-0.229
119,House,22542,47,14,NC,200,,,"MOORE, Tim",M001236,1970,,0.505,-0.159,-8.5847,0.95131,172,2,,0.506,-0.162
119,House,22514,36,1,ND,200,,,"FEDORCHAK, Julie",F000482,1968,,0.64,0.32,-6.83582,0.95966,166,4,,0.641,0.318
119,House,22561,95,0,MP,200,,,"KING-HINDS, Kimberlyn",K000404,1975,,,,,,,,,0.33,0.526
119,House,15029,24,9,OH,100,,,"KAPTUR, Marcia Carolyn (Marcy)",K000009,1946,,-0.343,0.132,-45.69473,0.7643,170,20,,-0.164,0.085
119,House,20342,24,10,OH,200,,,"TURNER, Michael R.",T000463,1960,,0.266,0.254,-13.36737,0.92438,170,4,,0.199,0.259
119,House,20738,24,4,OH,200,,,"JORDAN, Jim",J000289,1964,,0.712,-0.182,-14.96457,0.91478,168,8,,0.591,-0.201
119,House,20755,24,5,OH,200,,,"LATTA, Robert E.",L000566,1956,,0.509,0.285,-2.17143,0.98753,173,1,,0.486,0.319
119,House,21352,24,3,OH,100,,,"BEATTY, Joyce",B001281,1950,,-0.436,0.015,-8.64328,0.94135,143,3,,-0.571,0.451
119,House,21353,24,14,OH,200,,,"JOYCE, David",J000295,1957,,0.252,0.315,-1.11623,0.9933,166,0,,0.374,0.531
119,House,21564,24,8,OH,200,,,"DAVIDSON, Warren",D000626,1970,,0.654,-0.362,-23.47013,0.86741,165,11,,0.569,-0.515
119,House,21759,24,12,OH,200,,,"BALDERSON, Troy",B001306,1962,,0.46,0.194,-5.88562,0.96636,172,3,,0.525,0.094
119,House,22161,24,11,OH,100,,,"BROWN, Shontel  M.",B001313,1975,,-0.453,-0.114,-4.73611,0.97299,173,1,,-0.509,-0.053
119,House,22162,24,15,OH,200,,,"CAREY, Mike",C001126,1971,,0.407,0.006,-1.56271,0.9909,171,0,,0.373,0.531
119,House,22338,24,1,OH,100,,,"LANDSMAN, Greg",L000601,1976,,-0.22,0.232,-15.5457,0.91358,172,6,,-0.254,0.429
119,House,22349,24,7,OH,200,,,"MILLER, Max",M001222,1988,,0.386,0.042,-3.81597,0.97793,171,1,,0.289,0.105
119,House,22367,24,13,OH,100,,,"SYKES, Emilia",S001223,1986,,-0.313,0.134,-13.45608,0.92475,172,7,,-0.255,0.073
119,House,22379,24,6,OH,200,,,"RULLI, Michael A.",R000619,1969,,0.41,-0.104,-8.68675,0.94902,166,3,,0.469,-0.099
119,House,22555,24,2,OH,200,,,"TAYLOR, David J.",T000490,1969,,0.679,0.561,-5.4874,0.96878,173,3,,0.679,0.559
119,House,20344,53,4,OK,200,,,"COLE, Tom",C001053,1949,,0.323,0.412,-0.35314,0.99792,170,0,,0.375,0.538
119,House,21760,53,1,OK,200,,,"HERN, Kevin",H001082,1961,,0.68,-0.054,-9.9426,0.94319,170,3,,0.621,-0.059
119,House,22102,53,5,OK,200,,,"BICE, Stephanie I.",B000740,1973,,0.412,0.326,-0.45337,0.99735,171,0,,0.373,0.531
119,House,22303,53,2,OK,200,,,"BRECHEEN, Josh",B001317,1979,,0.858,-0.471,-7.30696,0.95395,155,4,,0.929,-0.327
119,House,29393,53,3,OK,200,,,"LUCAS, Frank D.",L000491,1960,,0.361,0.452,-0.28914,0.99832,172,0,,0.373,0.531
119,House,21198,72,1,OR,100,,,"BONAMICI, Suzanne",B001278,1954,,-0.399,-0.417,-2.28185,0.98674,171,0,,-0.531,-0.284
119,House,22101,72,2,OR,200,,,"BENTZ, Cliff",B000668,1952,,0.478,0.263,-1.02033,0.99409,172,0,,0.373,0.531
119,House,22327,72,4,OR,100,,,"HOYLE, Val",H001094,1964,,-0.225,-0.372,-12.33449,0.92921,168,6,,-0.23,-0.325
119,House,22361,72,6,OR,100,,,"SALINAS, Andrea",S001226,1969,,-0.218,-0.204,-13.00233,0.9276,173,6,,-0.267,-0.311
119,House,22507,72,5,OR,100,,,"BYNUM, Janelle S.",B001326,1975,,-0.265,0.177,-13.9497,0.9221,172,5,,-0.265,0.177
119,House,22510,72,3,OR,100,,,"DEXTER, Maxine",D000635,1972,,-0.487,-0.616,-2.62792,0.98475,171,1,,-0.487,-0.617
119,House,20946,14,15,PA,200,,,"THOMPSON, Glenn",T000467,1959,,0.335,0.335,-0.36285,0.99788,171,0,,0.373,0.531
119,House,21167,14,16,PA,200,,,"KELLY, Mike",K000376,1948,,0.377,0.396,-0.31532,0.99811,167,0,,0.373,0.531
119,House,21356,14,10,PA,200,,,"PERRY, Scott",P000605,1962,,0.684,-0.485,-25.46859,0.86162,171,14,,0.908,-0.418
119,House,21548,14,2,PA,100,,,"BOYLE, Brendan Francis",B001296,1977,,-0.382,0.153,-14.15927,0.91729,164,7,,-0.313,0.108
119,House,21566,14,3,PA,100,,,"EVANS, Dwight",E000296,1954,,-0.469,-0.154,-3.62651,0.978,163,1,,-0.585,0.001
119,House,21718,14,1,PA,200,,,"FITZPATRICK, Brian K.",F000466,1973,,0.14,-0.104,-28.44118,0.84511,169,11,,0.194,-0.311
119,House,21745,14,11,PA,200,,,"SMUCKER, Lloyd K.",S001199,1964,,0.453,0.136,-1.25217,0.99257,168,0,,0.375,0.532
119,House,21762,14,5,PA,100,,,"SCANLON, Mary Gay",S001205,1959,,-0.452,-0.211,-4.34517,0.97447,168,2,,-0.643,0.104
119,House,21915,14,4,PA,100,,,"DEAN, Madeleine",D000631,1959,,-0.451,-0.069,-3.08353,0.98192,169,1,,-0.497,-0.129
119,House,21934,14,6,PA,100,,,"HOULAHAN, Christina",H001085,1967,,-0.259,0.222,-18.92138,0.89227,166,9,,-0.225,-0.138
119,House,21936,14,13,PA,200,,,"JOYCE, John",J000302,1957,,0.579,-0.028,-19.41188,0.89386,173,8,,0.699,-0.029
119,House,21945,14,9,PA,200,,,"MEUSER, Dan",M001204,1964,,0.492,0.197,-11.04021,0.93412,162,2,,0.478,0.879
119,House,21956,14,14,PA,200,,,"RESCHENTHALER, Guy",R000610,1983,,0.444,0.057,-3.49694,0.97999,173,2,,0.539,0.286
119,House,22316,14,17,PA,100,,,"DELUZIO, Chris",D000530,1984,,-0.248,-0.15,-17.07269,0.90603,173,9,,-0.269,-0.226
119,House,22342,14,12,PA,100,,,"LEE, Summer",L000602,1987,,-0.414,-0.91,-5.95795,0.96615,173,3,,-0.601,-0.765
119,House,22506,14,8,PA,200,,,"BRESNAHAN, Robert P., Jr.",B001327,1990,,0.373,0.531,-0.27959,0.99837,171,0,,0.373,0.531
119,House,22533,14,7,PA,200,,,"MACKENZIE, Ryan",M001230,1982,,0.338,-0.223,-10.50404,0.94109,173,4,,0.338,-0.224
119,House,22560,92,0,PR,100,,,"HERNÁNDEZ, Pablo José",H001103,1991,,,,,,,,,-0.599,-0.565
119,House,22345,5,2,RI,100,,,"MAGAZINER, Seth",M001223,1983,,-0.332,0.184,-11.11694,0.93741,172,7,,-0.274,-0.068
119,House,22375,5,1,RI,100,,,"AMO, Gabe",A000380,1987,,-0.447,-0.032,-7.71816,0.95637,173,4,,-0.339,-0.226
119,House,20138,48,2,SC,200,,,"WILSON, Addison Graves (Joe)",W000795,1947,,0.53,0.16,-4.56716,0.97286,166,3,,0.533,0.08
119,House,21753,48,5,SC,200,,,"NORMAN, Ralph",N000190,1953,,0.849,-0.384,-9.17196,0.94625,166,5,,0.954,-0.292
119,House,21974,48,4,SC,200,,,"TIMMONS, William",T000480,1984,,0.598,0.05,-9.28206,0.94717,171,6,,0.533,-0.19
119,House,22132,48,1,SC,200,,,"MACE, Nancy",M000194,1977,,0.341,-0.287,-9.9706,0.94304,170,5,,0.479,-0.218
119,House,22322,48,7,SC,200,,,"FRY, Russell",F000478,1985,,0.538,-0.281,-16.07005,0.9103,171,8,,0.665,-0.229
119,House,22505,48,3,SC,200,,,"BIGGS, Sheri",B001325,1970,,0.765,-0.27,-10.06015,0.94351,173,4,,0.76,-0.283
119,House,39301,48,6,SC,100,,,"CLYBURN, James Enos",C000537,1940,,-0.467,0.245,-10.44664,0.94074,171,3,,-0.438,-0.059
119,House,21935,37,1,SD,200,,,"JOHNSON, Dustin",J000301,1976,,0.465,0.141,-1.39117,0.99185,170,0,,0.373,0.531
119,House,20748,54,9,TN,100,,,"COHEN, Stephen",C001068,1949,,-0.39,-0.294,-10.18749,0.93868,161,5,,-0.307,-0.314
119,House,21178,54,3,TN,200,,,"FLEISCHMANN, Chuck",F000459,1962,,0.432,0.393,-0.45302,0.99738,173,0,,0.373,0.531
119,House,21179,54,4,TN,200,,,"DESJARLAIS, Scott",D000616,1964,,0.578,-0.047,-6.91524,0.95796,161,2,,0.494,-0.026
119,House,21731,54,8,TN,200,,,"KUSTOFF, David",K000392,1966,,0.542,0.345,-2.43327,0.98579,170,1,,0.507,0.408
119,House,21905,54,2,TN,200,,,"BURCHETT, Timothy",B001309,1964,,0.666,-0.432,-18.96613,0.89443,170,7,,0.657,-0.671
119,House,21926,54,7,TN,200,,,"GREEN, Mark",G000590,1964,,0.671,0.018,-7.42224,0.9465,135,4,,0.846,0.355
119,House,21959,54,6,TN,200,,,"ROSE, John",R000612,1965,,0.665,0.122,-9.02924,0.94737,167,4,,0.605,0.321
119,House,22122,54,1,TN,200,,,"HARSHBARGER, Diana",H001086,1960,,0.672,-0.094,-10.47727,0.93989,169,3,,0.592,-0.298
119,House,22357,54,5,TN,200,,,"OGLES, Andy",O000175,1971,,0.798,-0.351,-7.70418,0.95327,161,4,,0.827,-0.329
119,House,20356,49,31,TX,200,,,"CARTER, John R.",C001051,1941,,0.486,0.553,-2.40211,0.9858,168,1,,0.512,0.414
119,House,20529,49,9,TX,100,,,"GREEN, Al",G000553,1947,,-0.447,0.262,-15.00008,0.91458,168,2,,-0.485,-0.566
119,House,20530,49,10,TX,200,,,"McCAUL, Michael T.",M001157,1962,,0.411,0.172,-0.49373,0.99676,152,0,,0.388,0.503
119,House,20533,49,28,TX,100,,,"CUELLAR, Henry",C001063,1955,,-0.225,0.633,-31.02088,0.83585,173,15,,-0.172,0.786
119,House,21360,49,14,TX,200,,,"WEBER, Randy",W000814,1953,,0.72,0.025,-12.54469,0.92927,171,7,,0.493,-0.155
119,House,21362,49,20,TX,100,,,"CASTRO, Joaquin",C001091,1974,,-0.4,-0.125,-5.1185,0.96999,168,2,,-0.39,-0.467
119,House,21364,49,25,TX,200,,,"WILLIAMS, Roger",W000816,1949,,0.594,0.057,-5.92013,0.96412,162,2,,0.468,0.031
119,House,21365,49,33,TX,100,,,"VEASEY, Marc",V000131,1971,,-0.407,0.356,-24.76649,0.86662,173,10,,-0.498,0.867
119,House,21551,49,36,TX,200,,,"BABIN, Brian",B001291,1948,,0.709,0.117,-10.03458,0.94365,173,5,,0.652,0.296
119,House,21700,49,19,TX,200,,,"ARRINGTON, Jodey Cook",A000375,1972,,0.642,-0.002,-9.00022,0.94691,165,4,,0.602,-0.048
119,House,21722,49,34,TX,100,,,"GONZALEZ, Vicente Jr.",G000581,1967,,-0.384,0.843,-33.38989,0.81579,164,19,,-0.305,0.952
119,House,21758,49,27,TX,200,,,"CLOUD, Michael",C001115,1975,,0.69,-0.365,-17.18782,0.9049,172,7,,0.959,-0.215
119,House,21911,49,2,TX,200,,,"CRENSHAW, Daniel",C001120,1984,,0.434,0.274,-2.18814,0.98667,163,1,,0.483,0.308
119,House,21917,49,16,TX,100,,,"ESCOBAR, Veronica",E000299,1969,,-0.473,-0.274,-4.43135,0.97442,171,1,,-0.389,-0.465
119,House,21919,49,7,TX,100,,,"FLETCHER, Elizabeth",F000468,1975,,-0.514,0.858,-20.13413,0.88892,171,13,,-0.791,0.559
119,House,21922,49,29,TX,100,,,"GARCIA, Sylvia",G000587,1950,,-0.783,0.319,-4.19305,0.97578,171,1,,-0.751,0.077
119,House,21925,49,5,TX,200,,,"GOODEN, Lance",G000589,1982,,0.721,-0.044,-20.25628,0.88767,170,13,,0.763,0.365
119,House,21961,49,21,TX,200,,,"ROY, Charles",R000614,1972,,0.8,-0.6,-13.70458,0.92166,168,7,,0.879,-0.477
119,House,22112,49,4,TX,200,,,"FALLON, Pat",F000246,1967,,0.714,0.126,-15.31365,0.91529,173,7,,0.725,0.236
119,House,22119,49,23,TX,200,,,"GONZALES, Tony",G000594,1980,,0.341,0.234,-3.15337,0.98096,164,1,,0.507,0.408
119,House,22125,49,13,TX,200,,,"JACKSON, Ronny",J000304,1967,,0.785,0.16,-18.90002,0.89239,166,8,,0.907,0.421
119,House,22143,49,22,TX,200,,,"NEHLS, Troy E.",N000026,1968,,0.609,-0.247,-9.19543,0.94611,166,2,,0.553,-0.352
119,House,22147,49,11,TX,200,,,"PFLUGER, August",P000048,1977,,0.633,0.374,-3.24688,0.98141,173,0,,0.373,0.531
119,House,22155,49,24,TX,200,,,"VAN DUYNE, Beth",V000134,1970,,0.603,-0.001,-11.28662,0.93649,172,6,,0.571,-0.135
119,House,22160,49,6,TX,200,,,"ELLZEY, Jake",E000071,1970,,0.514,0.695,-0.59824,0.99653,172,0,,0.373,0.531
119,House,22307,49,35,TX,100,,,"CASAR, Greg",C001131,1989,,-0.421,-0.87,-3.9809,0.97699,171,1,,-0.584,-0.757
119,House,22312,49,30,TX,100,,,"CROCKETT, Jasmine",C001130,1981,,-0.492,-0.216,-3.39845,0.97997,168,1,,-0.444,-0.341
119,House,22315,49,15,TX,200,,,"DE LA CRUZ, Monica",D000594,1974,,0.468,0.133,-5.31194,0.9661,154,3,,0.532,0.095
119,House,22328,49,38,TX,200,,,"HUNT, Wesley",H001095,1981,,0.59,-0.29,-5.30191,0.96335,142,1,,0.54,-0.428
119,House,22344,49,8,TX,200,,,"LUTTRELL, Morgan",L000603,1975,,0.604,-0.043,-10.85295,0.93708,167,3,,0.532,-0.338
119,House,22352,49,1,TX,200,,,"MORAN, Nathaniel",M001224,1974,,0.575,0.554,-4.7511,0.9726,171,2,,0.62,0.573
119,House,22364,49,3,TX,200,,,"SELF, Keith",S001224,1953,,0.832,-0.226,-22.60492,0.87197,165,12,,0.894,-0.113
119,House,22517,49,26,TX,200,,,"GILL, Brandon",G000603,1994,,0.981,0.194,-13.24484,0.92287,165,7,,0.958,0.071
119,House,22519,49,12,TX,200,,,"GOLDMAN, Craig A.",G000601,1968,,0.856,0.517,-9.84738,0.94467,173,4,,0.858,0.513
119,House,22528,49,32,TX,100,,,"JOHNSON, Julie",J000310,1966,,-0.398,0.475,-17.06247,0.90608,173,9,,-0.398,0.475
119,House,22557,49,18,TX,100,,,"TURNER, Sylvester",T000489,1954,2025.0,-0.746,0.666,-2.80447,0.93062,39,1,,-0.937,0.348
119,House,29571,49,37,TX,100,,,"DOGGETT, Lloyd Alton, II",D000399,1946,,-0.403,-0.331,-2.46487,0.98552,169,0,,-0.524,-0.334
119,House,29759,49,17,TX,200,,,"SESSIONS, Pete",S000250,1955,,0.584,0.173,-3.75713,0.97852,173,1,,0.373,0.531
119,House,22141,67,1,UT,200,,,"MOORE, Blake D.",M001213,1980,,0.365,0.323,-0.35675,0.99793,172,0,,0.373,0.531
119,House,22146,67,4,UT,200,,,"OWENS, Burgess",O000086,1951,,0.452,0.162,-4.46576,0.97407,170,2,,0.507,0.151
119,House,22376,67,2,UT,200,,,"MALOY, Celeste",M001228,1981,,0.426,0.073,-5.63593,0.96758,171,2,,0.451,-0.021
119,House,22529,67,3,UT,200,,,"KENNEDY, Mike",K000403,1969,,0.862,0.161,-14.81805,0.91605,169,8,,0.867,0.148
119,House,22301,6,1,VT,100,,,"BALINT, Becca",B001318,1968,,-0.46,-0.465,-1.66166,0.99027,170,0,,-0.531,-0.284
119,House,21994,96,0,VI,100,,,"PLASKETT, Stacey E.",P000610,1966,,-0.451,0.506,-0.02602,0.99629,7,0,,-0.647,-0.762
119,House,20756,40,1,VA,200,,,"WITTMAN, Robert J.",W000804,1959,,0.448,0.022,-3.62246,0.97854,167,1,,0.463,0.17
119,House,20952,40,11,VA,100,,,"CONNOLLY, Gerald E. (Gerry)",C001078,1950,2025.0,-0.309,-0.047,-4.55046,0.93875,72,1,,-0.313,-0.72
119,House,21191,40,9,VA,200,,,"GRIFFITH, H. Morgan",G000568,1958,,0.512,-0.342,-14.96655,0.91712,173,6,,0.495,-0.159
119,House,21554,40,8,VA,100,,,"BEYER, Donald Sternoff Jr.",B001292,1950,,-0.394,-0.102,-4.36724,0.97449,169,0,,-0.497,-0.142
119,House,21908,40,6,VA,200,,,"CLINE, Benjamin",C001118,1972,,0.717,-0.205,-9.56007,0.94593,172,3,,0.771,-0.129
119,House,22335,40,2,VA,200,,,"KIGGANS, Jennifer",K000399,1971,,0.261,0.439,-0.86447,0.99493,170,0,,0.375,0.532
119,House,22374,40,4,VA,100,,,"MCCLELLAN, Jennifer",M001227,1972,,-0.551,0.053,-4.0834,0.97667,173,2,,-0.54,0.08
119,House,22539,40,5,VA,200,,,"MCGUIRE, John J., III",M001239,1968,,0.713,-0.332,-12.96817,0.92738,172,5,,0.709,-0.388
119,House,22554,40,10,VA,100,,,"SUBRAMANYAM, Suhas",S001230,1986,,-0.29,0.139,-11.13571,0.93731,172,7,,-0.29,0.139
119,House,22558,40,7,VA,100,,,"VINDMAN, Eugene Simon",V000138,1975,,-0.177,0.062,-14.16787,0.92004,170,7,,-0.177,0.062
119,House,39307,40,3,VA,100,,,"SCOTT, Robert C.",S000185,1947,,-0.45,-0.003,-3.63252,0.9791,172,0,,-0.497,-0.142
119,House,20145,73,2,WA,100,,,"LARSEN, Richard Ray (Rick)",L000560,1965,,-0.365,0.163,-12.51869,0.92607,163,4,,-0.268,-0.361
119,House,21556,73,4,WA,200,,,"NEWHOUSE, Daniel Milton",N000189,1955,,0.318,0.328,-0.41408,0.99758,171,0,,0.373,0.531
119,House,21726,73,7,WA,100,,,"JAYAPAL, Pramila",J000298,1965,,-0.62,-0.552,-3.69499,0.97583,151,3,,-0.441,-0.862
119,House,21962,73,8,WA,100,,,"SCHRIER, Kim",S001216,1968,,-0.287,0.413,-13.62015,0.92387,172,4,,-0.267,0.172
119,House,22153,73,10,WA,100,,,"STRICKLAND, Marilyn",S001159,1962,,-0.446,0.36,-8.05545,0.95318,168,5,,-0.368,-0.014
119,House,22358,73,3,WA,100,,,"PEREZ, Marie Gluesenkamp",G000600,1988,,-0.09,0.338,-25.60878,0.85939,169,7,,-0.15,0.687
119,House,22502,73,5,WA,200,,,"BAUMGARTNER, Michael",B001322,1975,,0.424,0.01,-3.41122,0.98013,170,1,,0.424,0.009
119,House,22548,73,6,WA,100,,,"RANDALL, Emily",R000621,1985,,-0.684,-0.009,-1.41319,0.9911,158,0,,-0.684,-0.009
119,House,29768,73,9,WA,100,,,"SMITH, Adam",S000510,1965,,-0.291,-0.166,-8.76775,0.94855,166,4,,-0.52,-0.04
119,House,31101,73,1,WA,100,,,"DelBENE, Suzan K.",D000617,1962,,-0.293,-0.203,-7.37539,0.9573,169,2,,-0.351,-0.149
119,House,21946,56,1,WV,200,,,"MILLER, Carol",M001205,1950,,0.526,0.112,-9.14127,0.94673,167,3,,0.681,0.365
119,House,22543,56,2,WV,200,,,"MOORE, Riley M.",M001235,1980,,0.801,0.167,-12.66859,0.92859,171,7,,0.802,0.155
119,House,20537,25,4,WI,100,,,"MOORE, Gwendolynne S. (Gwen)",M001160,1951,,-0.522,-0.271,-4.18057,0.97483,164,2,,-0.767,0.23
119,House,21370,25,2,WI,100,,,"POCAN, Mark",P000607,1964,,-0.524,-0.552,-2.29288,0.98676,172,0,,-0.529,-0.285
119,House,21559,25,6,WI,200,,,"GROTHMAN, Glenn",G000576,1955,,0.598,-0.204,-21.31349,0.88151,169,9,,0.623,-0.069
119,House,21970,25,1,WI,200,,,"STEIL, Bryan",S001213,1981,,0.417,0.064,-3.48886,0.98004,173,1,,0.46,0.167
119,House,21989,25,7,WI,200,,,"TIFFANY, Thomas P.",T000165,1957,,0.641,-0.253,-14.01356,0.91951,167,3,,0.608,-0.433
119,House,22115,25,5,WI,200,,,"FITZGERALD, Scott",F000471,1963,,0.598,0.079,-7.37933,0.95727,169,3,,0.513,-0.122
119,House,22370,25,3,WI,200,,,"VAN ORDEN, Derrick",V000135,1969,,0.378,-0.017,-2.67291,0.98354,161,1,,0.514,0.389
119,House,22383,25,8,WI,200,,,"WIED, Tony",W000829,1976,,0.456,-0.38,-11.73784,0.9344,173,4,,0.507,-0.363
119,House,22325,68,1,WY,200,,,"HAGEMAN, Harriet",H001096,1962,,0.651,-0.376,-13.68705,0.92393,173,5,,0.64,-0.353
119,Senate,42102,41,0,AL,200,,,"TUBERVILLE, Thomas Hawley (Tommy)",T000278,1954,,0.936,-0.352,-12.83968,0.9735,478,3,,0.752,0.352
119,Senate,42300,41,0,AL,200,,,"BRITT, Katie Elizabeth",B001319,1982,,0.585,0.585,-4.7375,0.99022,482,2,,0.721,0.492
119,Senate,40300,81,0,AK,200,,,"MURKOWSKI, Lisa",M001153,1957,,0.204,-0.304,-63.3601,0.87634,480,24,,0.167,-0.166
119,Senate,41500,81,0,AK,200,,,"SULLIVAN, Daniel Scott",S001198,1964,,0.476,0.158,-49.52754,0.90216,481,13,,0.286,0.327
119,Senate,21502,61,0,AZ,100,,,"GALLEGO, Ruben",G000574,1979,,-0.359,0.142,-69.66842,0.84303,408,32,,-0.286,0.294
119,Senate,41905,61,0,AZ,100,,,"KELLY, Mark Edward",K000377,1964,,-0.257,0.293,-50.30523,0.89662,461,24,,-0.305,0.349
119,Senate,20101,42,0,AR,200,,,"BOOZMAN, John",B001236,1950,,0.427,0.338,-1.91365,0.99607,486,0,,0.457,0.379
119,Senate,21301,42,0,AR,200,,,"COTTON, Tom",C001095,1977,,0.58,0.195,-3.63329,0.99258,488,0,,0.553,0.36
119,Senate,20104,71,0,CA,100,,,"SCHIFF, Adam",S001150,1960,,-0.353,-0.114,-62.30502,0.87968,486,37,,-0.433,0.108
119,Senate,42104,71,0,CA,100,,,"PADILLA, Alejandro (Alex)",P000145,1973,,-0.422,-0.265,-37.70579,0.92291,470,23,,-0.516,-0.106
119,Senate,40910,62,0,CO,100,,,"BENNET, Michael F.",B001267,1964,,-0.236,-0.185,-49.76227,0.90249,485,20,,-0.258,-0.305
119,Senate,42101,62,0,CO,100,,,"HICKENLOOPER, John Wright",H000273,1952,,-0.263,-0.042,-59.90122,0.88471,489,22,,-0.266,-0.048
119,Senate,20707,1,0,CT,100,,,"MURPHY, Christopher",M001169,1973,,-0.284,-0.248,-73.08231,0.8585,479,35,,-0.55,-0.835
119,Senate,41101,1,0,CT,100,,,"BLUMENTHAL, Richard",B001277,1946,,-0.433,-0.164,-30.39553,0.93961,488,14,,-0.403,-0.258
119,Senate,21706,11,0,DE,100,,,"BLUNT ROCHESTER, Lisa",B001303,1962,,-0.38,-0.137,-34.28915,0.93307,495,13,,-0.43,-0.359
119,Senate,40916,11,0,DE,100,,,"COONS, Christopher A.",C001088,1963,,-0.236,-0.219,-56.68346,0.88729,474,18,,-0.256,-0.228
119,Senate,41102,43,0,FL,200,,,"RUBIO, Marco",R000595,1971,,0.616,-0.184,-0.00062,0.99991,7,0,,0.569,0.415
119,Senate,41903,43,0,FL,200,,,"SCOTT, Richard Lynn (Rick)",S001217,1952,,0.717,-0.023,-8.32464,0.98332,495,2,,0.836,-0.032
119,Senate,42506,43,0,FL,200,,,"MOODY, Ashley Brooke",M001244,1975,,0.733,0.177,-6.89851,0.98596,488,4,,0.732,0.176
119,Senate,42103,44,0,GA,100,,,"OSSOFF, Thomas Jonathan (Jon)",O000174,1987,,-0.454,0.46,-35.21865,0.92456,449,11,,-0.522,0.722
119,Senate,42105,44,0,GA,100,,,"WARNOCK, Raphael Gamaliel",W000790,1969,,-0.418,0.401,-51.72571,0.89864,484,23,,-0.447,0.561
119,Senate,20713,82,0,HI,100,,,"HIRONO, Mazie",H001042,1947,,-0.515,-0.097,-22.89094,0.95472,494,5,,-0.563,-0.199
119,Senate,41112,82,0,HI,100,,,"SCHATZ, Brian Emanuel",S001194,1972,,-0.447,-0.11,-32.6492,0.93579,492,17,,-0.48,-0.292
119,Senate,29345,63,0,ID,200,,,"CRAPO, Michael Dean",C000880,1951,,0.504,0.291,-5.40873,0.98907,492,2,,0.536,0.142
119,Senate,40902,63,0,ID,200,,,"RISCH, James",R000584,1943,,0.551,0.384,-6.21291,0.98732,487,4,,0.742,0.319
119,Senate,15021,21,0,IL,100,,,"DURBIN, Richard Joseph",D000563,1944,,-0.345,-0.306,-53.93579,0.89455,484,25,,-0.295,-0.383
119,Senate,21325,21,0,IL,100,,,"DUCKWORTH, Tammy",D000622,1968,,-0.343,0.061,-51.5429,0.89334,457,33,,-0.402,-0.203
119,Senate,21133,22,0,IN,200,,,"YOUNG, Todd",Y000064,1972,,0.438,-0.023,-6.37879,0.98709,491,2,,0.566,0.588
119,Senate,21702,22,0,IN,200,,,"BANKS, James E.",B001299,1979,,0.647,0.011,-6.6482,0.98661,493,4,,0.678,-0.079
119,Senate,14226,31,0,IA,200,,,"GRASSLEY, Charles Ernest",G000386,1933,,0.362,-0.035,-7.04165,0.9859,496,1,,0.421,0.113
119,Senate,41502,31,0,IA,200,,,"ERNST, Joni",E000295,1970,,0.538,-0.034,-6.16881,0.98749,490,2,,0.688,0.286
119,Senate,21734,32,0,KS,200,,,"MARSHALL, Roger Wayne",M001198,1960,,0.606,0.142,-4.84514,0.9902,492,4,,0.571,0.179
119,Senate,29722,32,0,KS,200,,,"MORAN, Jerry",M000934,1954,,0.414,0.221,-10.10273,0.97887,473,3,,0.385,0.195
119,Senate,14921,51,0,KY,200,,,"McCONNELL, Addison Mitchell (Mitch)",M000355,1942,,0.403,0.019,-36.42857,0.92157,446,12,,0.325,-0.071
119,Senate,41104,51,0,KY,200,,,"PAUL, Rand",P000603,1963,,0.891,-0.454,-95.9154,0.8175,476,41,,0.548,-0.836
119,Senate,20919,45,0,LA,200,,,"CASSIDY, Bill",C001075,1957,,0.464,-0.047,-6.3591,0.98648,467,3,,0.487,0.007
119,Senate,41703,45,0,LA,200,,,"KENNEDY, John Neely",K000393,1951,,0.56,-0.153,-9.20436,0.98128,487,6,,0.699,-0.255
119,Senate,41300,2,0,ME,328,,,"KING, Angus Stanley, Jr.",K000383,1944,,-0.169,-0.207,-71.81499,0.86263,486,26,,-0.184,-0.294
119,Senate,49703,2,0,ME,200,,,"COLLINS, Susan Margaret",C001035,1952,,0.122,-0.508,-68.38252,0.87121,496,41,,0.177,-0.411
119,Senate,20330,52,0,MD,100,,,"VAN HOLLEN, Christopher",V000128,1959,,-0.397,-0.223,-27.99735,0.9449,494,11,,-0.453,-0.628
119,Senate,42500,52,0,MD,100,,,"ALSOBROOKS, Angela Deneece",A000382,1971,,-0.433,-0.002,-48.08681,0.90598,487,25,,-0.431,-0.011
119,Senate,14435,3,0,MA,100,,,"MARKEY, Edward John",M000133,1946,,-0.517,-0.469,-10.48662,0.97895,493,1,,-0.771,-0.637
119,Senate,41301,3,0,MA,100,,,"WARREN, Elizabeth",W000817,1949,,-0.744,-0.364,-8.41358,0.98291,488,3,,-0.706,-0.67
119,Senate,20923,23,0,MI,100,,,"PETERS, Gary C.",P000595,1958,,-0.248,-0.184,-64.89307,0.87452,484,29,,-0.261,-0.212
119,Senate,21965,23,0,MI,100,,,"SLOTKIN, Elissa",S001208,1976,,-0.346,0.752,-50.44905,0.89924,475,24,,-0.353,0.678
119,Senate,40700,33,0,MN,100,,,"KLOBUCHAR, Amy",K000367,1960,,-0.278,-0.331,-55.04328,0.89415,492,35,,-0.257,-0.271
119,Senate,41706,33,0,MN,100,,,"SMITH, Tina",S001203,1958,,-0.406,-0.102,-31.09764,0.93584,469,9,,-0.468,-0.35
119,Senate,29534,46,0,MS,200,,,"WICKER, Roger F.",W000437,1951,,0.377,0.341,-3.62554,0.99241,476,1,,0.462,0.34
119,Senate,41707,46,0,MS,200,,,"HYDE-SMITH, Cindy",H001079,1959,,0.452,0.327,-2.75141,0.99438,488,1,,0.464,0.343
119,Senate,41901,34,0,MO,200,,,"HAWLEY, Joshua David",H001089,1979,,0.832,-0.372,-77.94802,0.84807,473,28,,0.501,-0.646
119,Senate,42303,34,0,MO,200,,,"SCHMITT, Eric Stephen",S001227,1975,,0.92,0.046,-6.0914,0.98772,493,1,,0.768,0.202
119,Senate,21338,64,0,MT,200,,,"DAINES, Steve",D000618,1962,,0.59,-0.027,-9.81193,0.98013,489,3,,0.715,0.699
119,Senate,42503,64,0,MT,200,,,"SHEEHY, Timothy Patrick",S001232,1985,,0.666,0.746,-4.70871,0.99034,485,1,,0.667,0.745
119,Senate,41302,35,0,NE,200,,,"FISCHER, Debra (Deb)",F000463,1951,,0.461,0.333,-6.23076,0.98742,492,2,,0.401,0.357
119,Senate,42302,35,0,NE,200,,,"RICKETTS, John Peter (Pete)",R000618,1964,,0.437,0.524,-2.09553,0.99577,494,0,,0.457,0.378
119,Senate,21743,65,0,NV,100,,,"ROSEN, Jacklyn Sheryl",R000608,1957,,-0.285,0.32,-50.92559,0.9009,488,21,,-0.289,0.412
119,Senate,41700,65,0,NV,100,,,"CORTEZ MASTO, Catherine Marie",C001113,1964,,-0.356,0.324,-54.64901,0.89447,490,23,,-0.355,0.39
119,Senate,40906,4,0,NH,100,,,"SHAHEEN, Jeanne",S001181,1947,,-0.225,-0.145,-81.27445,0.84364,478,31,,-0.167,-0.21
119,Senate,41702,4,0,NH,100,,,"HASSAN, Margaret (Maggie)",H001076,1958,,-0.229,0.039,-55.97868,0.89246,492,18,,-0.213,0.08
119,Senate,21937,12,0,NJ,100,,,"KIM, Andy",K000394,1982,,-0.399,0.241,-57.82911,0.88953,494,37,,-0.416,0.225
119,Senate,41308,12,0,NJ,100,,,"BOOKER, Cory Anthony",B001288,1969,,-0.555,-0.25,-69.18996,0.8655,479,29,,-0.444,-0.047
119,Senate,20930,66,0,NM,100,,,"HEINRICH, Martin",H001046,1971,,-0.333,-0.006,-64.0707,0.87231,469,28,,-0.373,0.204
119,Senate,20932,66,0,NM,100,,,"LUJÁN, Ben Ray",L000570,1972,,-0.378,0.026,-45.91668,0.91072,491,20,,-0.483,0.283
119,Senate,14858,13,0,NY,100,,,"SCHUMER, Charles Ellis (Chuck)",S000148,1950,,-0.355,-0.418,-30.95984,0.93937,495,13,,-0.401,-0.377
119,Senate,20735,13,0,NY,100,,,"GILLIBRAND, Kirsten",G000555,1966,,-0.451,-0.323,-81.21259,0.84669,488,42,,-0.36,0.02
119,Senate,21708,47,0,NC,200,,,"BUDD, Theodore Paul",B001305,1971,,0.633,-0.076,-7.75905,0.98376,474,3,,0.678,-0.122
119,Senate,41504,47,0,NC,200,,,"TILLIS, Thomas Roland (Thom)",T000476,1960,,0.388,-0.108,-20.08585,0.95644,451,6,,0.391,-0.117
119,Senate,21350,36,0,ND,200,,,"CRAMER, Kevin",C001096,1961,,0.398,0.371,-2.24924,0.99529,476,0,,0.457,0.379
119,Senate,41107,36,0,ND,200,,,"HOEVEN, John",H001061,1957,,0.399,0.452,-2.36822,0.99518,490,0,,0.457,0.379
119,Senate,42304,24,0,OH,200,,,"VANCE, James David",V000137,1984,,0.85,-0.527,-0.0,1.0,1,0,,0.0,0.0
119,Senate,42502,24,0,OH,200,,,"MORENO, Bernardo (Bernie)",M001242,1967,,0.767,0.142,-3.91978,0.99213,496,2,,0.767,0.14
119,Senate,42505,24,0,OH,200,,,"HUSTED, Jon Allen",H001104,1967,,0.717,0.643,-5.15121,0.98952,489,2,,0.717,0.643
119,Senate,21166,53,0,OK,200,,,"LANKFORD, James",L000575,1968,,0.591,0.147,-5.24931,0.98943,494,4,,0.536,0.142
119,Senate,21355,53,0,OK,200,,,"MULLIN, Markwayne",M001190,1977,,0.533,0.252,-2.74897,0.99409,464,0,,0.458,0.378
119,Senate,14871,72,0,OR,100,,,"WYDEN, Ronald Lee",W000779,1949,,-0.332,-0.486,-25.08757,0.94959,485,9,,-0.396,-0.411
119,Senate,40908,72,0,OR,100,,,"MERKLEY, Jeff",M001176,1956,,-0.452,-0.729,-12.52101,0.97482,491,5,,-0.526,-0.48
119,Senate,42301,14,0,PA,100,,,"FETTERMAN, John Karl",F000479,1969,,-0.192,0.039,-79.81219,0.84197,464,32,,-0.17,0.091
119,Senate,42501,14,0,PA,200,,,"MCCORMICK, David Harold",M001243,1965,,0.557,0.606,-2.7016,0.99438,479,1,,0.557,0.606
119,Senate,29142,5,0,RI,100,,,"REED, John F. (Jack)",R000122,1949,,-0.361,-0.161,-77.40191,0.85333,488,36,,-0.285,-0.168
119,Senate,40704,5,0,RI,100,,,"WHITEHOUSE, Sheldon",W000802,1955,,-0.354,-0.109,-48.14204,0.90342,474,15,,-0.331,-0.277
119,Senate,21173,48,0,SC,200,,,"SCOTT, Tim",S001184,1965,,0.629,0.021,-8.02687,0.98352,483,4,,0.457,0.378
119,Senate,29566,48,0,SC,200,,,"GRAHAM, Lindsey O.",G000359,1955,,0.367,-0.273,-16.20995,0.96523,458,2,,0.464,0.343
119,Senate,29754,37,0,SD,200,,,"THUNE, John",T000250,1961,,0.433,0.226,-5.84816,0.98826,495,1,,0.429,0.181
119,Senate,41505,37,0,SD,200,,,"ROUNDS, Marion Michael (Mike)",R000605,1954,,0.353,0.08,-4.86218,0.99019,493,0,,0.457,0.379
119,Senate,20351,54,0,TN,200,,,"BLACKBURN, Marsha",B001243,1952,,0.632,0.14,-4.23823,0.99104,471,1,,0.617,0.125
119,Senate,42100,54,0,TN,200,,,"HAGERTY, William Francis (Bill)",H000601,1959,,0.681,-0.092,-4.1461,0.99144,482,0,,0.779,0.038
119,Senate,40305,49,0,TX,200,,,"CORNYN, John",C001056,1952,,0.47,-0.063,-6.45208,0.98708,496,2,,0.6,0.257
119,Senate,41304,49,0,TX,200,,,"CRUZ, Rafael Edward (Ted)",C001098,1970,,0.78,-0.178,-5.32658,0.98896,480,1,,0.767,0.174
119,Senate,21755,67,0,UT,200,,,"CURTIS, John R.",C001114,1960,,0.449,0.115,-24.83382,0.95087,493,9,,0.647,-0.193
119,Senate,41110,67,0,UT,200,,,"LEE, Mike",L000577,1971,,0.891,-0.454,-20.19763,0.95954,489,8,,0.999,-0.049
119,Senate,20750,6,0,VT,100,,,"WELCH, Peter",W000800,1947,,-0.407,-0.383,-39.36187,0.91607,449,17,,-0.359,-0.436
119,Senate,29147,6,0,VT,328,,,"SANDERS, Bernard",S000033,1941,,-0.544,-0.423,-14.18342,0.9689,449,4,,-0.653,-0.505
119,Senate,40909,40,0,VA,100,,,"WARNER, Mark",W000805,1954,,-0.208,-0.039,-57.55936,0.88722,481,22,,-0.209,0.018
119,Senate,41305,40,0,VA,100,,,"KAINE, Timothy Michael (Tim)",K000384,1958,,-0.243,-0.099,-69.29706,0.86837,491,40,,-0.217,-0.217
119,Senate,39310,73,0,WA,100,,,"CANTWELL, Maria E.",C000127,1958,,-0.306,-0.402,-38.4882,0.92519,495,12,,-0.339,-0.307
119,Senate,49308,73,0,WA,100,,,"MURRAY, Patty",M001111,1950,,-0.355,-0.316,-23.42032,0.9495,452,6,,-0.464,-0.36
119,Senate,20146,56,0,WV,200,,,"CAPITO, Shelley Moore",C001047,1953,,0.283,0.144,-11.51422,0.97663,487,1,,0.464,0.343
119,Senate,42504,56,0,WV,200,,,"JUSTICE, James Conley, II",J000312,1951,,0.664,0.616,-2.7806,0.99419,477,0,,0.664,0.616
119,Senate,29940,25,0,WI,100,,,"BALDWIN, Tammy",B001230,1962,,-0.487,-0.125,-50.13715,0.9033,493,27,,-0.383,-0.088
119,Senate,41111,25,0,WI,200,,,"JOHNSON, Ron",J000293,1955,,0.641,-0.141,-6.01793,0.98789,494,1,,0.817,0.048
119,Senate,20953,68,0,WY,200,,,"LUMMIS, Cynthia M.",L000571,1954,,0.686,-0.33,-15.33306,0.96837,477,5,,0.981,-0.037
119,Senate,40707,68,0,WY,200,,,"BARRASSO, John A.",B001261,1952,,0.539,0.193,-8.00003,0.9839,493,4,,0.602,0.119
